"Day","Date","League","Type","Potent.Alchemical.Resonator","Potent.Chaotic.Resonator","Powerful.Alchemical.Resonator","Powerful.Chaotic.Resonator","Prime.Alchemical.Resonator","Prime.Chaotic.Resonator","Primitive.Alchemical.Resonator","Primitive.Chaotic.Resonator"
1,"2018-12-07","Betrayal HC","Resonator",0,0,0,0,0,0,0,0
2,"2018-12-08","Betrayal HC","Resonator",1,1,1.3,1.643,10,17.14667,1,1
3,"2018-12-09","Betrayal HC","Resonator",1,1,1,1,10.22,15,0.86048,0.97
4,"2018-12-10","Betrayal HC","Resonator",1,1,1,1,19.43,14.9,0.9951,1
5,"2018-12-11","Betrayal HC","Resonator",1,1,1,1,19.29,13.38316,1,1
6,"2018-12-12","Betrayal HC","Resonator",1,1.4402,1,1.93,18.09466,13,1,1
7,"2018-12-13","Betrayal HC","Resonator",1,1,0.90531,1.36551,12.41,13,0.5,1
8,"2018-12-14","Betrayal HC","Resonator",1,1.3402,0.96,1.5,9.38159,10,0.44,0.9701
9,"2018-12-15","Betrayal HC","Resonator",0.88,1.3602,0.98531,1.4602,8,8,0.44,1
10,"2018-12-16","Betrayal HC","Resonator",0.6201,1.2801,0.88,1,7,7,0.44,0.91
11,"2018-12-17","Betrayal HC","Resonator",0.82592,1,0.66,1,6,6,0.45,0.9051
12,"2018-12-18","Betrayal HC","Resonator",0.48,1,0.48,1,6,6,0.46,0.9302
13,"2018-12-19","Betrayal HC","Resonator",0.45,0.8751,0.45,0.72,6,6.01776,0.4302,0.72
14,"2018-12-20","Betrayal HC","Resonator",0.48,0.94,0.45,0.7501,6,6.41,0.47,0.8602
15,"2018-12-21","Betrayal HC","Resonator",0.46,0.9151,0.42,0.69531,7,7,0.44,0.68061
16,"2018-12-22","Betrayal HC","Resonator",0.42,0.8451,0.39,0.6802,7.18931,9.78,0.39,0.62571
17,"2018-12-23","Betrayal HC","Resonator",0.42,1,0.3951,0.7502,7.72721,8,0.41,0.76
18,"2018-12-24","Betrayal HC","Resonator",0.4,0.9551,0.39,0.64041,7,7,0.3951,0.5602
19,"2018-12-25","Betrayal HC","Resonator",0.38,0.8,0.39,0.5,7,7,0.39,0.5
20,"2018-12-26","Betrayal HC","Resonator",0.39,0.8301,0.37,0.5,6.00112,7,0.4,0.5
21,"2018-12-27","Betrayal HC","Resonator",0.44,0.98,0.36,0.5,7,7,0.36,0.73551
22,"2018-12-28","Betrayal HC","Resonator",0.4551,1,0.36,0.5,6.72531,7.08163,0.36,0.8302
23,"2018-12-29","Betrayal HC","Resonator",0.37,1,0.37,0.49,7,7,0.36,0.74041
24,"2018-12-30","Betrayal HC","Resonator",0.37,0.96,0.37,0.4951,6,7,0.39531,0.5102
25,"2018-12-31","Betrayal HC","Resonator",0.38,0.9601,0.37,0.48,6,6,0.3901,0.6502
26,"2019-01-01","Betrayal HC","Resonator",0.38,0.97,0.37,0.47,6,6.19,0.38,0.78592
27,"2019-01-02","Betrayal HC","Resonator",0.3501,0.9701,0.35,0.49,6,6,0.35,0.5
28,"2019-01-03","Betrayal HC","Resonator",0.35,0.9851,0.35,0.48,5,6,0.44,0.56041
29,"2019-01-04","Betrayal HC","Resonator",0.48,1,0.34,0.5,5,6,0.34,0.64
30,"2019-01-05","Betrayal HC","Resonator",0.5,0.9902,0.38,0.5,5,5,0.3651,0.5
31,"2019-01-06","Betrayal HC","Resonator",0.5,1,0.32,0.5,4.80173,5,0.32,0.52
32,"2019-01-07","Betrayal HC","Resonator",0.5,1,0.32,0.5,4,5,0.3151,0.5051
33,"2019-01-08","Betrayal HC","Resonator",0.5,1,0.31,0.5,4,4.9302,0.36,0.5
34,"2019-01-09","Betrayal HC","Resonator",0.4551,1,0.26,0.5,4,4,0.38,0.5
35,"2019-01-10","Betrayal HC","Resonator",0.4301,1,0.35,0.4101,4,4,0.29,0.5
36,"2019-01-11","Betrayal HC","Resonator",0.45,1,0.3601,0.5,4,4,0.34031,0.5
37,"2019-01-12","Betrayal HC","Resonator",0.4751,1,0.27,0.5,3.61143,4,0.28,0.5051
38,"2019-01-13","Betrayal HC","Resonator",0.5,1,0.28,0.5,4,5,0.2751,0.5
39,"2019-01-14","Betrayal HC","Resonator",0.5,1,0.3,0.5,4,5,0.46531,0.5
40,"2019-01-15","Betrayal HC","Resonator",0.5,1,0.28,0.5,4,5,0.48,0.5
41,"2019-01-16","Betrayal HC","Resonator",0.5,1,0.27,0.5,4,5,0.4051,0.5051
42,"2019-01-17","Betrayal HC","Resonator",0.5,1,0.5,0.5,4.37,5,0.5,0.5802
43,"2019-01-18","Betrayal HC","Resonator",0.5,1,0.42,0.5,5,5,0.3501,0.67071
44,"2019-01-19","Betrayal HC","Resonator",0.5,1,0.38,0.5,4.46,5,0.5,0.5
45,"2019-01-20","Betrayal HC","Resonator",0.5,1,0.35,0.5,5,5,0.5,0.7301
46,"2019-01-21","Betrayal HC","Resonator",0.5,1,0.3,0.5,5,5,0.33133,0.6001
47,"2019-01-22","Betrayal HC","Resonator",0.5,0.9951,0.29,0.5,5,5.4,0.5,0.80163
48,"2019-01-23","Betrayal HC","Resonator",0.4751,1,0.24,0.5,5,6,0.49,0.98
49,"2019-01-24","Betrayal HC","Resonator",0.5,1,0.22,0.5,5,6,0.5,1
50,"2019-01-25","Betrayal HC","Resonator",0.5,1.46,0.28,0.51031,5,6,0.39,1
51,"2019-01-26","Betrayal HC","Resonator",0.69531,1.3102,0.3802,0.6951,5.55149,7,0.5,1
52,"2019-01-27","Betrayal HC","Resonator",0.67051,1,0.19,0.6701,5,6,0.5,1
53,"2019-01-28","Betrayal HC","Resonator",0.53,1,0.21,0.56,5,6,0.36,1
54,"2019-01-29","Betrayal HC","Resonator",0.5,1,0.2801,0.6,6,6,0.3901,1
55,"2019-01-30","Betrayal HC","Resonator",0.5,1,0.44,0.5,6.09,6.5551,0.4102,1
56,"2019-01-31","Betrayal HC","Resonator",0.5,1,0.42,0.5,7,7,0.2851,0.7851
57,"2019-02-01","Betrayal HC","Resonator",0.5,1,0.2351,0.5,7,7,0.3051,0.5051
58,"2019-02-02","Betrayal HC","Resonator",0.5,1,0.39,0.5,7,7,0.3,0.84031
59,"2019-02-03","Betrayal HC","Resonator",0.5,1,0.45,0.5,7.02067,7,0.36,0.61
60,"2019-02-04","Betrayal HC","Resonator",0.35,1,0.16,0.5,6.83,7,0.36,0.7302
61,"2019-02-05","Betrayal HC","Resonator",0.5251,1,0.17,0.5,6.37667,6.95707,0.33,0.57531
62,"2019-02-06","Betrayal HC","Resonator",0.86112,1,0.17,0.69153,7,7,0.17,0.9201
63,"2019-02-07","Betrayal HC","Resonator",0.5,1,0.28051,0.6,7,7.11,0.16,0.5802
64,"2019-02-08","Betrayal HC","Resonator",0.5,1,0.17,0.50306,7,7.84116,0.34,0.61
65,"2019-02-09","Betrayal HC","Resonator",0.51,1,0.23,0.5,7,8,0.19,0.7651
66,"2019-02-10","Betrayal HC","Resonator",0.57,1.44,0.5,0.54,7,8,0.4851,0.62
67,"2019-02-11","Betrayal HC","Resonator",0.9,1.3502,0.23,0.91,7,8,0.37,1
68,"2019-02-12","Betrayal HC","Resonator",0.5,0.81,0.42,0.5,7,7,0.29869,1
69,"2019-02-13","Betrayal HC","Resonator",0.53,0.92,0.44,0.81,7,7,0.18,0.5901
70,"2019-02-14","Betrayal HC","Resonator",0.54,1,0.5,0.82,6.86,7,0.5,0.54
71,"2019-02-15","Betrayal HC","Resonator",0.52,1,0.5,0.56,7,6.86553,0.5,0.88
72,"2019-02-16","Betrayal HC","Resonator",0.63,1,0.5,0.62005,7,6.73,0.5,1
73,"2019-02-17","Betrayal HC","Resonator",0.61,1,0.5,1,6.83,7,0.5,0.51556
74,"2019-02-18","Betrayal HC","Resonator",0.64,1,0.49,0.5,6.82,7,0.46,0.61
75,"2019-02-19","Betrayal HC","Resonator",0.6,1,0.5,0.5,6.61,7.09,0.2,0.52
76,"2019-02-20","Betrayal HC","Resonator",0.6,1,0.5,0.5,6.58,7,0.2,0.52
77,"2019-02-21","Betrayal HC","Resonator",0.69,1,0.5,0.5,7,7,0.43,0.72
78,"2019-02-22","Betrayal HC","Resonator",0.67,1,0.5,0.5,7,7,0.23,0.5
79,"2019-02-23","Betrayal HC","Resonator",0.66,1,0.5,0.93,7,7,0.49,0.5
80,"2019-02-24","Betrayal HC","Resonator",0.5,1,0.5,1,7,7,0.35,0.68
81,"2019-02-25","Betrayal HC","Resonator",0.5,1,0.5,1,7,7,0.37,1
82,"2019-02-26","Betrayal HC","Resonator",0.56,1,0.5,1,7,7,0.4,0.84
83,"2019-02-27","Betrayal HC","Resonator",0.52,1,0.5,1,7,6.84,0.48,0.93
84,"2019-02-28","Betrayal HC","Resonator",0.5,1,0.5,1,7,7,0.5,0.91
85,"2019-03-01","Betrayal HC","Resonator",0.58,1,0.5,1,7,6.17,0.5,0.87
86,"2019-03-02","Betrayal HC","Resonator",0.54,1,0.5,1,7,7.84,0.5,0.8
87,"2019-03-03","Betrayal HC","Resonator",0.54,1.13,0.5,1,7,7.51,0.5,0.76
88,"2019-03-04","Betrayal HC","Resonator",0.53,1,0.5,1,7.22,7.32,1,0.8
89,"2019-03-05","Betrayal HC","Resonator",0.51,1,0.5,1,7.22,7.21,1,0.89
1,"2019-09-06","Blight HC","Resonator",0,0,0,0,0,0,0,0
2,"2019-09-07","Blight HC","Resonator",1,1.34375,1.3,1,3,4.33,2,4
3,"2019-09-08","Blight HC","Resonator",4,1,0.7,1,4.68182,4,2,2.81
4,"2019-09-09","Blight HC","Resonator",1.53333,1,0.45,0.45,4,4,1.69,2
5,"2019-09-10","Blight HC","Resonator",1.59,1,0.47,0.46505,4,4,1.5,2
6,"2019-09-11","Blight HC","Resonator",1.99,0.5,0.42,0.41,3.44,3,1.22,1.5
7,"2019-09-12","Blight HC","Resonator",1,0.5,0.43,0.43,4,3,1,1
8,"2019-09-13","Blight HC","Resonator",2,0.5,0.42,0.42,4,3.80065,0.5,1
9,"2019-09-14","Blight HC","Resonator",1,0.5,0.41,0.41,3,3,0.5,1
10,"2019-09-15","Blight HC","Resonator",0.54667,0.5,0.4109,0.41005,3,3,0.5,1
11,"2019-09-16","Blight HC","Resonator",0.5,0.5,0.41,0.41,3,3,0.5,0.5
12,"2019-09-17","Blight HC","Resonator",0.5,0.5,0.39,0.39,3,3,0.5,0.5
13,"2019-09-18","Blight HC","Resonator",0.5,0.5,0.41,0.41,3,3,0.5,0.5
14,"2019-09-19","Blight HC","Resonator",0.5,0.5,0.41,0.41,3,3,0.5,0.5
15,"2019-09-20","Blight HC","Resonator",0.5,0.5,0.42,0.42,3,3,0.42,0.5
16,"2019-09-21","Blight HC","Resonator",0.5,0.5,0.42,0.42,3.94,3,0.42,0.5
17,"2019-09-22","Blight HC","Resonator",0.5,0.78,0.43,0.43,3.93,3.96684,0.43,0.5
18,"2019-09-23","Blight HC","Resonator",0.5,1,0.43,0.43,3.83,4,0.43,0.5
19,"2019-09-24","Blight HC","Resonator",0.5,1,0.42,0.42,3.82,4,0.42,0.75545
20,"2019-09-25","Blight HC","Resonator",0.5,1,0.4,0.4,4,4,0.41,1
21,"2019-09-26","Blight HC","Resonator",0.5,1,0.38,0.41,4,4,0.48,1
22,"2019-09-27","Blight HC","Resonator",0.5,1,0.35,0.5,3,4,0.5,1
23,"2019-09-28","Blight HC","Resonator",0.5,1,0.35,0.5,4,4,0.5,1
24,"2019-09-29","Blight HC","Resonator",0.5,1.37,0.44,0.5,7.26,4,0.48,1
25,"2019-09-30","Blight HC","Resonator",0.5,1.495,0.41,0.48,9.11,4.5,0.48,1
26,"2019-10-01","Blight HC","Resonator",0.5,1.5,0.42318,0.5,9.38,8,0.48,0.99
27,"2019-10-02","Blight HC","Resonator",0.5,1.5,0.41,0.5,10,8.18,0.39015,1
28,"2019-10-03","Blight HC","Resonator",0.5,1.47,0.35299,0.5,9.83,6.02,0.4,1
29,"2019-10-04","Blight HC","Resonator",0.5,1.5,0.46,0.5,10.09,8.1,0.42015,0.97005
30,"2019-10-05","Blight HC","Resonator",0.56,1.5,0.48,0.5,11.52,8.07,0.48,1
31,"2019-10-06","Blight HC","Resonator",0.67,1.73,0.48,0.5,15,9,0.48,1
32,"2019-10-07","Blight HC","Resonator",0.69,1.5,0.48,0.5,15,9,0.48,1
33,"2019-10-08","Blight HC","Resonator",0.8749,1.80614,0.5,0.5,15,10,0.5,1
34,"2019-10-09","Blight HC","Resonator",1,1.26737,0.5,0.5,22.82,10,0.5,1
35,"2019-10-10","Blight HC","Resonator",1,2,0.5,0.5,15.85,11,0.5,1
36,"2019-10-11","Blight HC","Resonator",1,2,0.5,0.5,16.72,28.08,0.5,1
37,"2019-10-12","Blight HC","Resonator",1,1.9,0.5,0.5,29.97,34.59304,0.5,1
38,"2019-10-13","Blight HC","Resonator",1,2,0.5,0.5,32,33,0.5,0.86
39,"2019-10-14","Blight HC","Resonator",1,2,0.5,0.5,30,30,0.5,0.75
40,"2019-10-15","Blight HC","Resonator",1,2,0.5,0.5,30,30,0.5,0.68
41,"2019-10-16","Blight HC","Resonator",1,1.73,0.5,0.5,32.09,29.60017,0.5,0.75
42,"2019-10-17","Blight HC","Resonator",1,2,0.5,0.5,32.04,28.41,0.5,0.6801
43,"2019-10-18","Blight HC","Resonator",1,2,0.5,0.5,32.76,30,0.5,0.73
44,"2019-10-19","Blight HC","Resonator",1,2,0.5,0.5,31,30,0.5,0.8
45,"2019-10-20","Blight HC","Resonator",1,2,0.5,0.5,30.23,32.31,0.5,0.84505
46,"2019-10-21","Blight HC","Resonator",1,2,0.5,0.5,30,30.97,0.5,0.83005
47,"2019-10-22","Blight HC","Resonator",1,2,0.5,0.5,30.26,31.69,0.5,0.73
48,"2019-10-23","Blight HC","Resonator",1,1.95,0.5,0.5,30,31,0.5,0.68
49,"2019-10-24","Blight HC","Resonator",1,2,0.5,0.5,30,30,0.5,0.58
50,"2019-10-25","Blight HC","Resonator",1,2,0.5,0.5,29.87,30,0.5,0.82273
51,"2019-10-26","Blight HC","Resonator",1,2,0.5,0.5,27.9,29.53,0.5,0.97
52,"2019-10-27","Blight HC","Resonator",1,2,0.5,0.5,29.59,29.33,0.5,0.97
53,"2019-10-28","Blight HC","Resonator",1,2,0.5,0.5,28.6,25,0.5,1
54,"2019-10-29","Blight HC","Resonator",1,2,0.5,0.5,28.33,28.3,0.5,1
55,"2019-10-30","Blight HC","Resonator",1,1.92,0.5,0.5,28.32,28.65,0.5,1
56,"2019-10-31","Blight HC","Resonator",1,2,0.5,0.5,28.16,30,0.5,1
57,"2019-11-01","Blight HC","Resonator",1,2,0.5,0.5,30,29.90904,0.5,1
58,"2019-11-02","Blight HC","Resonator",1,2,0.5,0.5,30,30,0.5,1
59,"2019-11-03","Blight HC","Resonator",1,2,0.5,0.5,27.1,28.55,0.5,1
60,"2019-11-04","Blight HC","Resonator",1,2,0.5,0.5,30,30.59,0.5,0.98
61,"2019-11-05","Blight HC","Resonator",1,2,0.5,0.5,30,30,0.5,1
62,"2019-11-06","Blight HC","Resonator",1,2,0.5,0.5,30,30,0.5,1
63,"2019-11-07","Blight HC","Resonator",1,2,0.51,0.5,31.74,30,0.5,0.7
64,"2019-11-08","Blight HC","Resonator",1,1.66,0.52,0.5,32.51,30,0.5,0.57
65,"2019-11-09","Blight HC","Resonator",1,1.53,0.51,0.5,33.02,30.08947,0.5,0.65
66,"2019-11-10","Blight HC","Resonator",1,1.9,0.52,0.5,37.78,32.38,0.5,0.83
67,"2019-11-11","Blight HC","Resonator",1.22,1.87,0.53,0.5,38.32,32.81,0.5,0.96
68,"2019-11-12","Blight HC","Resonator",1.13,1.79,0.5,0.5,38.59,32.3075,0.5,0.83
69,"2019-11-13","Blight HC","Resonator",1.3,2,0.51,0.5,44.24,36.63,0.5,0.9
70,"2019-11-14","Blight HC","Resonator",1.21,2,0.51,0.5,41.71,36.61,0.5,0.87
71,"2019-11-15","Blight HC","Resonator",1.2,2,0.5,0.5,41.22,31.26,0.5,0.59
72,"2019-11-16","Blight HC","Resonator",1.26,1.11,0.5,0.5,36.54,30.73,0.5,0.61
73,"2019-11-17","Blight HC","Resonator",1.39,1.11,0.51,0.5,35,33.09,0.5,0.79
74,"2019-11-18","Blight HC","Resonator",1.04,1.13733,0.53,0.5,35,33.23,0.5,0.58
75,"2019-11-19","Blight HC","Resonator",1.04,1.12,0.54,0.55,35,35,0.49,0.59
76,"2019-11-20","Blight HC","Resonator",1.16,1.05,0.55,0.99,35,35,0.5,0.6
77,"2019-11-21","Blight HC","Resonator",1,1.27,0.56,0.99,34.32,34.59,0.5,0.59
78,"2019-11-22","Blight HC","Resonator",1.24,1.19,0.63438,0.99,34.09,31.53,0.5,1
79,"2019-11-23","Blight HC","Resonator",1.19,1.74,0.58056,0.89,35,30.74,0.5,1
80,"2019-11-24","Blight HC","Resonator",1,1,0.6,0.87,30.32,27.06,0.5,1
81,"2019-11-25","Blight HC","Resonator",1,1,0.56,0.51,26.20893,20,0.5,1
82,"2019-11-26","Blight HC","Resonator",1,1,0.55,0.5,26.72,21.21,0.5,1
83,"2019-11-27","Blight HC","Resonator",1,1.05,0.5,0.5,30,25.23,0.5,1
84,"2019-11-28","Blight HC","Resonator",1,1,0.5,0.5,30,26.36,0.5,1
85,"2019-11-29","Blight HC","Resonator",1,1.25,0.5,0.5,27.71,25.67885,0.5,0.98
86,"2019-11-30","Blight HC","Resonator",1,1.25,0.5,0.5,30,16.49,0.5,0.96
87,"2019-12-01","Blight HC","Resonator",1,1.16,0.5,0.5,30,17.86,0.5,0.87
88,"2019-12-02","Blight HC","Resonator",1,1.54,0.44,0.5,29.05,19.57031,0.5,0.59
89,"2019-12-03","Blight HC","Resonator",1,1.61,0.41,0.5,25,15.24,0.5,0.57
90,"2019-12-04","Blight HC","Resonator",1,1.61,0.4,0.5,25,15.36,0.5,0.37
91,"2019-12-05","Blight HC","Resonator",1,1.67,0.4,0.5,25,15.25,0.5,0.38
92,"2019-12-06","Blight HC","Resonator",1,1.67,0.38,0.5,25,15.36,0.46,0.38
93,"2019-12-07","Blight HC","Resonator",1,1.72,0.38,0.5,25,15.36,0.49,0.39
94,"2019-12-08","Blight HC","Resonator",1.54,2.03,0.37,0.5,25,15.18,0.4,0.36
95,"2019-12-09","Blight HC","Resonator",1.9,2.01,0.4,1,23.88,14.98,0.39,0.34
1,"2018-08-31","Delve HC","Resonator",0,0,0,0,0,0,0,0
2,"2018-09-01","Delve HC","Resonator",0,0,0,0,0,0,0,0
3,"2018-09-02","Delve HC","Resonator",0,0,0,0,0,0,0,0
4,"2018-09-03","Delve HC","Resonator",1,1,2,2,50,0,0.35,0.37
5,"2018-09-04","Delve HC","Resonator",0.7501,0.9901,2,2,45.5,163.45,0.38,0.39
6,"2018-09-05","Delve HC","Resonator",0.4201,0.75,1.2301,2,39.334,42.94,0.4101,0.4
7,"2018-09-06","Delve HC","Resonator",0.43255,0.7901,1,1,21.47,23.19,0.3701,0.36
8,"2018-09-07","Delve HC","Resonator",0.39,0.5301,0.78,1,16.98,17.39,0.39,0.37
9,"2018-09-08","Delve HC","Resonator",0.37,0.55,0.74,1,20,20,0.36,0.37
10,"2018-09-09","Delve HC","Resonator",0.38,0.38,0.39,0.78,14.85,13.02478,0.3501,0.38
11,"2018-09-10","Delve HC","Resonator",0.39,0.43,0.39,0.7851,12.95219,12.719,0.39,0.39
12,"2018-09-11","Delve HC","Resonator",0.4,0.4,0.41,0.75,15.78105,13,0.29,0.41
13,"2018-09-12","Delve HC","Resonator",0.38031,0.44,0.44,0.8,14.4,13.37,0.29,0.44
14,"2018-09-13","Delve HC","Resonator",0.42,0.42,0.39,0.88551,15,13.36,0.33,0.43
15,"2018-09-14","Delve HC","Resonator",0.4501,0.44,0.47,0.6902,18.928,21.47389,0.41,0.5402
16,"2018-09-15","Delve HC","Resonator",0.4101,0.42,0.4601,0.77092,38.678,34.39548,0.37,0.70031
17,"2018-09-16","Delve HC","Resonator",0.4,0.43,0.4,0.8,42.33333,41.58286,0.3651,0.4
18,"2018-09-17","Delve HC","Resonator",0.36,0.4801,0.47,0.9101,41.17,50.8225,0.3,0.38
19,"2018-09-18","Delve HC","Resonator",0.37,0.4902,0.49,0.97,68.24455,57.42571,0.36,0.37
20,"2018-09-19","Delve HC","Resonator",0.3001,0.4701,0.36,0.72,62.07,55.55,0.3,0.3701
21,"2018-09-20","Delve HC","Resonator",0.32,0.4,0.36,0.82,55,56.27,0.33,0.42
22,"2018-09-21","Delve HC","Resonator",0.35,0.6051,0.5,0.83,61.57,55.98,0.35,0.38
23,"2018-09-22","Delve HC","Resonator",0.3451,0.48531,0.36,0.5051,68.2422,69.56,0.33,0.43
24,"2018-09-23","Delve HC","Resonator",0.35,0.3802,0.47,0.6601,70,68.54,0.25,0.36
25,"2018-09-24","Delve HC","Resonator",0.38,0.38,0.38031,0.5601,62.65,68.31,0.38,0.46
26,"2018-09-25","Delve HC","Resonator",0.39,0.52,0.4,0.59,59.97,69.43,0.3851,0.47
27,"2018-09-26","Delve HC","Resonator",0.41,0.59,0.42,0.81061,67.28,70,0.3901,0.5
28,"2018-09-27","Delve HC","Resonator",0.49,0.5,0.45,0.68,67.85711,68,0.42,0.54
29,"2018-09-28","Delve HC","Resonator",0.44,0.56,0.4401,0.8101,65.00194,66.65,0.4502,0.59
30,"2018-09-29","Delve HC","Resonator",0.3201,0.53,0.43,0.64,65,62.97,0.35,0.48
31,"2018-09-30","Delve HC","Resonator",0.43,0.82,0.43,0.5202,63.18567,62.4694,0.43,0.5002
32,"2018-10-01","Delve HC","Resonator",0.43,0.5,0.43,0.6102,65,64.35833,0.46041,0.4851
33,"2018-10-02","Delve HC","Resonator",0.42,0.56,0.45,0.5,69,66.46,0.43,0.4501
34,"2018-10-03","Delve HC","Resonator",0.3,0.5101,0.42,0.5,74.96111,69.37,0.43,0.5
35,"2018-10-04","Delve HC","Resonator",0.39,0.59,0.35,0.5,74.72286,74.04,0.2651,0.43
36,"2018-10-05","Delve HC","Resonator",0.25,0.62,0.22,0.5,74.23235,70.472,0.34,0.44
37,"2018-10-06","Delve HC","Resonator",0.4051,0.59531,0.39551,0.5951,75,75,0.24,0.42
38,"2018-10-07","Delve HC","Resonator",0.43,0.95,0.4251,0.5602,79,75,0.4351,0.5
39,"2018-10-08","Delve HC","Resonator",0.41,0.64,0.41,0.6402,91.85574,80,0.37,0.42
40,"2018-10-09","Delve HC","Resonator",0.5,0.77031,0.4001,0.55,93,89.48235,0.5102,0.5502
41,"2018-10-10","Delve HC","Resonator",0.36,0.7102,0.38,0.6402,86.87212,84.87938,0.3351,0.5
42,"2018-10-11","Delve HC","Resonator",0.4151,0.83531,0.37,0.74,90,90,0.4902,0.5
43,"2018-10-12","Delve HC","Resonator",0.3751,0.69,0.46,0.8551,90,90,0.4251,0.51
44,"2018-10-13","Delve HC","Resonator",0.37,0.65,0.5,0.63,90,90,0.37,0.5
45,"2018-10-14","Delve HC","Resonator",0.5,0.62,0.5,0.64,94.96,89.51,0.4902,0.5051
46,"2018-10-15","Delve HC","Resonator",0.42,0.64,0.5,0.73551,95,90,0.38551,0.5
47,"2018-10-16","Delve HC","Resonator",0.3451,1,0.48,0.63,95.49,90,0.39,0.5
48,"2018-10-17","Delve HC","Resonator",0.5,0.70551,0.41,0.5251,97.35,95,0.35,0.62
49,"2018-10-18","Delve HC","Resonator",0.5,1,0.47,0.68,99.99,95.12,0.4402,0.75051
50,"2018-10-19","Delve HC","Resonator",0.5,1,0.5,0.7402,98.5,95,0.34,0.7251
51,"2018-10-20","Delve HC","Resonator",0.3951,0.95592,0.53,1,93.71,99.02842,0.46,0.72041
52,"2018-10-21","Delve HC","Resonator",0.46,0.9851,0.5,0.8402,100,98.61,0.46,0.80531
53,"2018-10-22","Delve HC","Resonator",0.39531,0.85082,0.5,0.5,100,100,0.28531,0.7002
54,"2018-10-23","Delve HC","Resonator",0.47,1,0.5,0.94,97.71,100,0.46041,1
55,"2018-10-24","Delve HC","Resonator",0.41,0.7151,0.34,0.78531,80,93.56,0.34,0.6551
56,"2018-10-25","Delve HC","Resonator",0.5,0.68,0.2951,0.7,95,95,0.46,0.65
57,"2018-10-26","Delve HC","Resonator",0.4151,0.9402,0.4551,0.7302,93.4,94.4164,0.2,0.5
58,"2018-10-27","Delve HC","Resonator",0.5,1,0.56,1,91.10857,90.9,0.3651,0.5251
59,"2018-10-28","Delve HC","Resonator",0.5,0.72,0.5,1,84.88778,84.86143,0.5,0.69041
60,"2018-10-29","Delve HC","Resonator",0.4551,0.69,0.39,0.93,83.55882,83.29,0.36551,0.5
61,"2018-10-30","Delve HC","Resonator",0.6851,0.7051,0.5,0.97551,82.46,84.8364,0.43061,0.48
62,"2018-10-31","Delve HC","Resonator",0.43,1,0.5,1,85.25,84.27792,0.4,0.5
63,"2018-11-01","Delve HC","Resonator",0.34,1,0.51,1,84.77911,90,0.5,0.5
64,"2018-11-02","Delve HC","Resonator",0.32,0.97,0.5,1,92.11,90,0.5,0.5
65,"2018-11-03","Delve HC","Resonator",0.48,0.6,0.56,0.9351,99.27,90,0.5,0.5
66,"2018-11-04","Delve HC","Resonator",0.49,0.9251,0.64,1,100,90,0.44,0.52
67,"2018-11-05","Delve HC","Resonator",0.5,1,0.5,1,99.1,86.2,0.3451,0.5
68,"2018-11-06","Delve HC","Resonator",0.81633,0.69612,0.5,1,103.43,91.28,0.35,0.5
69,"2018-11-07","Delve HC","Resonator",0.5,0.83061,0.5,1,71.49,71.49,0.36,0.5
70,"2018-11-08","Delve HC","Resonator",0.5,0.9751,0.5,0.94,100,98.39,0.39,0.5
71,"2018-11-09","Delve HC","Resonator",0.36,0.7302,0.5,1,104.36,101.68,0.5,0.5
72,"2018-11-10","Delve HC","Resonator",0.23,0.5851,0.5,1,113.05778,84.252,0.5,0.5
73,"2018-11-11","Delve HC","Resonator",0.48,0.99,0.48,0.63,105.18333,102.09,0.3051,0.4451
74,"2018-11-12","Delve HC","Resonator",0.36,1,0.49,0.91,114.985,96.47,0.36,0.5
75,"2018-11-13","Delve HC","Resonator",0.44,1,0.5,0.5,137.92,100,0.45,0.5
76,"2018-11-14","Delve HC","Resonator",0.42,0.75,0.81531,0.9651,141.06,100,0.5,0.48
77,"2018-11-15","Delve HC","Resonator",0.41,0.85,0.91,0.89,163.75,100,0.5,0.5
78,"2018-11-16","Delve HC","Resonator",0.42,0.53,0.71,0.6851,167.55,100,0.32,0.5
79,"2018-11-17","Delve HC","Resonator",1,0.5,0.94,0.71,160.73125,100,0.28,0.5
80,"2018-11-18","Delve HC","Resonator",0.36102,0.65633,0.4002,1,156.816,100,0.2702,0.64061
81,"2018-11-19","Delve HC","Resonator",0.4,0.74,0.42,0.82,158.58,139.71786,0.31,0.5
82,"2018-11-20","Delve HC","Resonator",0.49,1,0.43,0.93,201.62,141.06,0.34,0.5
83,"2018-11-21","Delve HC","Resonator",0.49,1,0.43,0.93,201.62,165.49,0.34,0.5
84,"2018-11-22","Delve HC","Resonator",0.34,0.56,0.34,0.79,199.02,251.95,0.26,0.4
85,"2018-11-23","Delve HC","Resonator",0.29,0.5502,0.3,1,198.36,333.32333,0.15,0.34
86,"2018-11-24","Delve HC","Resonator",0.27,0.61,0.28,0.55,149.73,254.6075,0.77,0.29
87,"2018-11-25","Delve HC","Resonator",0.35,0.67,0.28,0.53,182.69,281.575,0.81,0.32571
88,"2018-11-26","Delve HC","Resonator",0.25,0.74,0.3,0.68,183.82,261.79,1,0.58
89,"2018-11-27","Delve HC","Resonator",0.24,0.66,0.28,0.72,183.96333,219.245,0.56265,0.5
90,"2018-11-28","Delve HC","Resonator",2,0.6,0.45,0.5,172.6525,219.67,0.15,0.54
91,"2018-11-29","Delve HC","Resonator",0.99,1,0.43,0.5,147.61,220.964,0.1,0.57
92,"2018-11-30","Delve HC","Resonator",1.11,1,0.72,0.5,206.3,261.94088,1,0.71
93,"2018-12-01","Delve HC","Resonator",0.9251,1,1.54,0.82,188.2725,220.74,0.65,1
94,"2018-12-02","Delve HC","Resonator",0.67,1,1.57,0.82,555,219.9,0.4402,0.88
95,"2018-12-03","Delve HC","Resonator",0.65,0.94,1.45,0.7,532.8,215.79,0.46,0.88
1,"2019-06-07","Legion HC","Resonator",0,0,0,0,0,0,0,0
2,"2019-06-08","Legion HC","Resonator",1,0.96313,0.71824,0.5,33.68,5.54,0.7966,1
3,"2019-06-09","Legion HC","Resonator",1,1,0.5,0.5,4.91042,3.39,0.5,0.82
4,"2019-06-10","Legion HC","Resonator",0.94,1,0.5,0.54,4,3,0.31,0.5401
5,"2019-06-11","Legion HC","Resonator",1,1,0.5,0.49,3,3,0.32,0.51
6,"2019-06-12","Legion HC","Resonator",1,1,0.5,0.5,3,3,0.38,0.53
7,"2019-06-13","Legion HC","Resonator",0.9,1,0.41,0.5,3,3,0.38,0.55505
8,"2019-06-14","Legion HC","Resonator",0.97,1,0.5,0.5,3,3,0.5,0.6
9,"2019-06-15","Legion HC","Resonator",1,1,0.5,0.5,3,3,0.48,0.82005
10,"2019-06-16","Legion HC","Resonator",1,1,0.5,0.5,2.98,3,0.5,0.80515
11,"2019-06-17","Legion HC","Resonator",0.6301,1,0.5,0.5,3,3,0.49,0.5
12,"2019-06-18","Legion HC","Resonator",0.93005,1,0.5,0.5,3,3,0.5,0.53
13,"2019-06-19","Legion HC","Resonator",1,1,0.5,0.5,3,3,0.46,0.5
14,"2019-06-20","Legion HC","Resonator",1,1,0.5,0.5,3,3,0.34,0.5
15,"2019-06-21","Legion HC","Resonator",1,1,0.5,0.52,3,3.92,0.34,0.5
16,"2019-06-22","Legion HC","Resonator",1,1,0.5,0.6,3,4,0.5,0.56
17,"2019-06-23","Legion HC","Resonator",1,1,0.5,0.5,4,4.53,0.5,0.6
18,"2019-06-24","Legion HC","Resonator",1,1.42,0.5,0.5,4,4.08,0.35505,0.5
19,"2019-06-25","Legion HC","Resonator",1,1.5,0.5,0.5,4,4.898,0.3,0.57
20,"2019-06-26","Legion HC","Resonator",1,1.5,0.5,0.5,4,5.16,0.41,0.55
21,"2019-06-27","Legion HC","Resonator",1,1.5,0.5,0.5,4.98324,5,0.29,0.57505
22,"2019-06-28","Legion HC","Resonator",1,1.5,0.5,0.5,5,4.05,0.5,0.5
23,"2019-06-29","Legion HC","Resonator",1,1.5,0.5,0.5,5.08,5.99575,0.45005,0.52005
24,"2019-06-30","Legion HC","Resonator",1,2,0.5,0.5,5.92,6,0.41505,1
25,"2019-07-01","Legion HC","Resonator",1.5,2,0.5,0.5,5,5.47,0.5,1
26,"2019-07-02","Legion HC","Resonator",1.5,2,0.5,0.54,5,6,0.33,0.56
27,"2019-07-03","Legion HC","Resonator",1,2,0.5,0.57005,5,5,0.5,1
28,"2019-07-04","Legion HC","Resonator",1,1.96,0.5,0.52,5,5,0.5,0.89515
29,"2019-07-05","Legion HC","Resonator",1,2,0.5,0.5,5,5,0.5,1
30,"2019-07-06","Legion HC","Resonator",1.01,2,0.5,0.51,5.13,6,0.43,1
31,"2019-07-07","Legion HC","Resonator",1.09,2,0.5,1,5.87959,6,0.5,1
32,"2019-07-08","Legion HC","Resonator",1.5,2,0.5,1,6,6,0.5,1
33,"2019-07-09","Legion HC","Resonator",1.18015,2,0.5,1,6,6,0.5,1
34,"2019-07-10","Legion HC","Resonator",1.01,2,0.5,1,6,6,0.5,1
35,"2019-07-11","Legion HC","Resonator",1.04,2,0.5,1,6,6.44,0.46,1
36,"2019-07-12","Legion HC","Resonator",1.07,2,0.5,1,6,6.41,0.5,1
37,"2019-07-13","Legion HC","Resonator",1.11005,2,0.5,0.95,6,7,0.5,1
38,"2019-07-14","Legion HC","Resonator",1.14,2,0.5,1,6,6.44,0.5,1
39,"2019-07-15","Legion HC","Resonator",1.5,2,0.5,1,6,8.225,0.5,1
40,"2019-07-16","Legion HC","Resonator",1.5,2,0.5,1,7,9.12,0.5201,1
41,"2019-07-17","Legion HC","Resonator",2,2,0.5,1,7,9,0.5,1
42,"2019-07-18","Legion HC","Resonator",2,2,0.5,0.99,6.94,8,0.5,1
43,"2019-07-19","Legion HC","Resonator",2,2,0.5,1,6,7.96,0.5,1
44,"2019-07-20","Legion HC","Resonator",2,2,0.5,1,6.44,8,0.55,1
45,"2019-07-21","Legion HC","Resonator",2,2,0.4801,1,7,8,0.47,1
46,"2019-07-22","Legion HC","Resonator",2,2,0.5,1,6.92,8,0.81,0.96
47,"2019-07-23","Legion HC","Resonator",2.03,3,0.5,1,7,8.7437,1,0.95015
48,"2019-07-24","Legion HC","Resonator",2.5,3,0.5,1,7,9,0.61005,1
49,"2019-07-25","Legion HC","Resonator",2,3,0.5,1,6.8,9,1,1
50,"2019-07-26","Legion HC","Resonator",2,3,0.5,1,7,9,1,1
51,"2019-07-27","Legion HC","Resonator",2,3,0.5,1,7,9,1,1
52,"2019-07-28","Legion HC","Resonator",2,3,0.5,1,7,10.38,0.99005,1
53,"2019-07-29","Legion HC","Resonator",2,3,0.5,1,7,11.04,0.98,1
54,"2019-07-30","Legion HC","Resonator",2,2.59,0.5,1,7.64,10.1,0.62,1
55,"2019-07-31","Legion HC","Resonator",2,3,0.5,1,11.72,10.42,0.82,1
56,"2019-08-01","Legion HC","Resonator",2,3,0.5,1,13.99,11.53,0.61,1
57,"2019-08-02","Legion HC","Resonator",2,2.36,0.51,1,10.86,11.87,0.54,1
58,"2019-08-03","Legion HC","Resonator",1.86,2.49,0.5,1,14,11.85,1,1
59,"2019-08-04","Legion HC","Resonator",1.84,2.5,0.5,1,14.34,12,0.5,1
60,"2019-08-05","Legion HC","Resonator",2.00005,3,0.5,1,12.86542,15,0.5,1
61,"2019-08-06","Legion HC","Resonator",2.04,3,0.64,1,13.27,14.33,1,1
62,"2019-08-07","Legion HC","Resonator",2.5,2.98005,0.72,1,14.03,14.4,0.52,1
63,"2019-08-08","Legion HC","Resonator",2,3,0.61,1,13,15,0.5,1
64,"2019-08-09","Legion HC","Resonator",2,2.5,0.58,1,13.58,15,0.5,0.97
65,"2019-08-10","Legion HC","Resonator",2,2.5,0.5,0.6,14,15,0.3,1
66,"2019-08-11","Legion HC","Resonator",2,3,0.5,1,14,15,0.29,1
67,"2019-08-12","Legion HC","Resonator",2,3,0.5,0.72,15,15,0.37,1
68,"2019-08-13","Legion HC","Resonator",2,2,0.5,0.73,14.55,15,0.54005,1
69,"2019-08-14","Legion HC","Resonator",1.51566,2,0.5,0.81,14.44,15,0.5,1
70,"2019-08-15","Legion HC","Resonator",2,2,0.5,0.91,14.39,15,0.5,1
71,"2019-08-16","Legion HC","Resonator",1.92,2,0.5,0.94,14.44,15,0.62,1
72,"2019-08-17","Legion HC","Resonator",1.51,1.87,0.5,0.56,14.44,15,0.51,1
73,"2019-08-18","Legion HC","Resonator",1.1,1.7501,0.5,0.54515,14.03,15,0.66,1
74,"2019-08-19","Legion HC","Resonator",1.43,1.92,0.5,0.52,11.8,15,0.48,1
75,"2019-08-20","Legion HC","Resonator",1.22,1.68,0.5,0.59,14.18,15,0.5,1
76,"2019-08-21","Legion HC","Resonator",1.16,1.38,0.5,0.55,14,15,0.55,0.51
77,"2019-08-22","Legion HC","Resonator",1.31,1.36505,0.5,0.5,13.11,15,0.91,0.92
78,"2019-08-23","Legion HC","Resonator",1.08,1.84,0.5,0.5,10.32,15,0.91,1
79,"2019-08-24","Legion HC","Resonator",1,1.63,0.5,0.5,10,15,1.27,1
80,"2019-08-25","Legion HC","Resonator",1,1,0.48,0.5,10.25,15,0.58,1
81,"2019-08-26","Legion HC","Resonator",1,1.01,0.5,0.5,9.22,15,0.5,1
82,"2019-08-27","Legion HC","Resonator",1,1,0.5,0.5,7.45,15,0.41,0.73
83,"2019-08-28","Legion HC","Resonator",1,1.08,0.46,0.5,9.15,15,0.4,0.83
84,"2019-08-29","Legion HC","Resonator",1,1.13,0.46,0.5,9,14.01,0.41,0.88
85,"2019-08-30","Legion HC","Resonator",1,1,0.48,0.5,9.81,13.7,0.41,0.89
86,"2019-08-31","Legion HC","Resonator",1,1,0.47,0.5,9.73,13.7,0.39,0.9
87,"2019-09-01","Legion HC","Resonator",1,1.08,0.45,0.5,10,13.14,0.38,1
88,"2019-09-02","Legion HC","Resonator",1,1,0.41,0.5,9.9,12.42,0.38,1
89,"2019-09-03","Legion HC","Resonator",0,0,0,0,0,0,0,0
1,"2019-12-13","Metamorph HC","Resonator",0,0,0,0,0,0,0,0
2,"2019-12-14","Metamorph HC","Resonator",1.22,1.05,1.11,2,0,0,2,1
3,"2019-12-15","Metamorph HC","Resonator",1.31,1,1,1,10,10,1,1
4,"2019-12-16","Metamorph HC","Resonator",1,1.5,1,1,7,8,1,1
5,"2019-12-17","Metamorph HC","Resonator",1,1.5,1,1,6.85,6.34,0.5,1
6,"2019-12-18","Metamorph HC","Resonator",1,1.24,1,1,10,7,0.5,0.67
7,"2019-12-19","Metamorph HC","Resonator",0.5,1,0.5,0.5,8.00957,8.89,0.5,1
8,"2019-12-20","Metamorph HC","Resonator",0.5,1,0.5,0.5,7,8,0.5,1
9,"2019-12-21","Metamorph HC","Resonator",1,1,0.5,0.5,8,7.9,0.5,1
10,"2019-12-22","Metamorph HC","Resonator",1,1,0.5,0.5,10.31,6.918,0.5,1
11,"2019-12-23","Metamorph HC","Resonator",1,1,0.5,0.5,10,12.77,0.5,1
12,"2019-12-24","Metamorph HC","Resonator",0.5,1,0.5,0.5,8.78483,12.24,0.5,0.5
13,"2019-12-25","Metamorph HC","Resonator",0.5,1,0.5,0.5,8.98857,11.12,0.5,0.61545
14,"2019-12-26","Metamorph HC","Resonator",0.5,1,0.5,0.5,13.32947,11,0.5,0.5
15,"2019-12-27","Metamorph HC","Resonator",0.5,1,0.5,0.5,17.181,21.43,0.5,0.5
16,"2019-12-28","Metamorph HC","Resonator",0.5,1,0.5,0.5,20.0563,21.44615,0.5,0.5
17,"2019-12-29","Metamorph HC","Resonator",0.5,1,0.5,0.5,17.77913,22,0.5,0.5
18,"2019-12-30","Metamorph HC","Resonator",0.5,1,0.5,0.5,19.92292,21,0.5,0.5
19,"2019-12-31","Metamorph HC","Resonator",0.5,1,0.5,0.5,20,20,0.5,0.5
20,"2020-01-01","Metamorph HC","Resonator",0.5,1,0.5,0.5,20,20,0.5,0.99
21,"2020-01-02","Metamorph HC","Resonator",0.5,1,0.5,0.5,20,20,0.5,1
22,"2020-01-03","Metamorph HC","Resonator",0.5,1,0.49,0.5,20,20.96517,0.5,1
23,"2020-01-04","Metamorph HC","Resonator",0.5,1.37,0.45,0.5,20,22.27,0.5,1
24,"2020-01-05","Metamorph HC","Resonator",0.5,1.5,0.44,0.5,24.71,25.98284,0.44,1
25,"2020-01-06","Metamorph HC","Resonator",0.82,1.5,0.47,0.5,25,25,0.4301,1
26,"2020-01-07","Metamorph HC","Resonator",1,1.5,0.49,0.5,25,24.52,0.22,1
27,"2020-01-08","Metamorph HC","Resonator",0.7613,1.5,0.5,0.49,26.07,24.58,0.22,1
28,"2020-01-09","Metamorph HC","Resonator",0.96,1.5,0.5,0.5,26.08,29.29957,0.22,1
29,"2020-01-10","Metamorph HC","Resonator",1,1.5,0.5,0.5,28.15,25.836,0.22,0.94
30,"2020-01-11","Metamorph HC","Resonator",1,1.5,0.5,0.5,28.82,25.619,0.41005,0.5
31,"2020-01-12","Metamorph HC","Resonator",1,1.4,0.5,0.5,28.52,27.87,0.48,0.56
32,"2020-01-13","Metamorph HC","Resonator",1,1.41,0.5,0.5,31.74,33.14,0.41,0.55
33,"2020-01-14","Metamorph HC","Resonator",1,1,0.5,0.5,35.61686,35,0.34,0.5
34,"2020-01-15","Metamorph HC","Resonator",0.5,1.5,0.5,0.5,35,35,0.49005,0.5
35,"2020-01-16","Metamorph HC","Resonator",0.5,1.5,0.5,0.5,36,35,0.5,0.5
36,"2020-01-17","Metamorph HC","Resonator",0.5,1.5,0.5,0.5,35,36,0.5,0.5
37,"2020-01-18","Metamorph HC","Resonator",0.5,1.5,0.5,0.5,36,35,0.49,0.5
38,"2020-01-19","Metamorph HC","Resonator",0.5,1.45,0.5,0.5,34,32.3283,0.49,0.5
39,"2020-01-20","Metamorph HC","Resonator",0.5,1.5,0.5,0.5,34.28175,35,0.5,0.5
40,"2020-01-21","Metamorph HC","Resonator",0.5,1.02591,0.49217,0.5,35,37.53,0.5,0.61
41,"2020-01-22","Metamorph HC","Resonator",0.75038,1.48,0.5,0.5,35.88,39,0.5,0.67
42,"2020-01-23","Metamorph HC","Resonator",0.5,1.5,0.5,0.5,39,39,0.5,0.94
43,"2020-01-24","Metamorph HC","Resonator",0.5,1.5,0.5,0.5,36.097,39,0.5,1
44,"2020-01-25","Metamorph HC","Resonator",0.5,1.44628,0.5,0.5,37.16707,39.13583,0.5,1
45,"2020-01-26","Metamorph HC","Resonator",0.5,1.5,0.5,0.5,36.35,40,0.5,1
46,"2020-01-27","Metamorph HC","Resonator",0.5,1.5,0.5,0.5,35.7,39.04485,0.49,1
47,"2020-01-28","Metamorph HC","Resonator",0.75392,1.5,0.5,0.5,36.93083,39,0.49,1
48,"2020-01-29","Metamorph HC","Resonator",0.99,1.5,0.49,0.5,35.87,40,0.49,1
49,"2020-01-30","Metamorph HC","Resonator",1,1.5,0.5,0.5,37.06,40,0.49,1
50,"2020-01-31","Metamorph HC","Resonator",1,1.5,0.5,0.5,37.66,40,0.48,1
51,"2020-02-01","Metamorph HC","Resonator",1,1.5,0.5,0.5,41.30111,41.05,0.48,1
52,"2020-02-02","Metamorph HC","Resonator",1,1.5,0.47,0.5,44,40,0.38,1
53,"2020-02-03","Metamorph HC","Resonator",1,1.5,0.46,0.5,44,41.63,0.46505,1
54,"2020-02-04","Metamorph HC","Resonator",1,1.5,0.5,0.5,45,43.28,0.5,1
55,"2020-02-05","Metamorph HC","Resonator",1,1.5,0.5,0.5,43,44,0.5,1
56,"2020-02-06","Metamorph HC","Resonator",1,1.5,0.48,0.5,45,44,0.5,1
57,"2020-02-07","Metamorph HC","Resonator",1,1.5,0.5,0.5,45.02,45,0.5,1
58,"2020-02-08","Metamorph HC","Resonator",1,1.5,0.5,0.5,42.66,43,0.5,1
59,"2020-02-09","Metamorph HC","Resonator",1,1.11,0.5,0.5,38.7,41.59,0.5,1
60,"2020-02-10","Metamorph HC","Resonator",1,1.5,0.5,0.5,40,43.82,0.5,1
61,"2020-02-11","Metamorph HC","Resonator",1,1.5,0.5,0.5,40,42.76,0.5,1
62,"2020-02-12","Metamorph HC","Resonator",1,1.5,0.5,0.5,40,41.82,0.5,1
63,"2020-02-13","Metamorph HC","Resonator",1,1.5,0.5,0.5,40,43.11,0.5,1
64,"2020-02-14","Metamorph HC","Resonator",1,1.5,0.5,0.5,40,42.77,0.5,1
65,"2020-02-15","Metamorph HC","Resonator",1,1.5,0.5,0.5,40,44.17034,0.5,1
66,"2020-02-16","Metamorph HC","Resonator",1,1.5,0.5,0.5,39.38,45.73,0.5,1
67,"2020-02-17","Metamorph HC","Resonator",1,1.5,0.5,0.5,37.83,46.72,0.5,1
68,"2020-02-18","Metamorph HC","Resonator",1,1.5,0.5,0.5,39.24,42.46,0.5,1
69,"2020-02-19","Metamorph HC","Resonator",1,1.5,0.5,0.5,39.88,46.86,0.5,1
70,"2020-02-20","Metamorph HC","Resonator",1,1.5,0.5,0.5,37.98,47.24,0.5,1
71,"2020-02-21","Metamorph HC","Resonator",1,1.5,0.5,0.5,37.02,46.82778,0.5,1
72,"2020-02-22","Metamorph HC","Resonator",1,1.5,0.5,0.5,37.15,48.37,0.5,1
73,"2020-02-23","Metamorph HC","Resonator",1,1.5,0.5,0.5,37.94,49.62353,0.5,1
74,"2020-02-24","Metamorph HC","Resonator",1,1.5,0.5,0.5,34.56,49.78,0.5,1
75,"2020-02-25","Metamorph HC","Resonator",1,1.21,0.5,0.5,32.36,45,0.5,1
76,"2020-02-26","Metamorph HC","Resonator",1,1.29,0.5,0.5,37.85,48.03,0.5,1
77,"2020-02-27","Metamorph HC","Resonator",1,1.24,0.5,0.5,35.86,47.06,0.5,1
78,"2020-02-28","Metamorph HC","Resonator",1,1,0.5,0.5,40,45,0.5,1
79,"2020-02-29","Metamorph HC","Resonator",1,1,0.5,0.5,40,42.71,0.5,1
80,"2020-03-01","Metamorph HC","Resonator",1,1,0.5,0.5,40,40.71,0.5,1
81,"2020-03-02","Metamorph HC","Resonator",1,1.34,0.5,1,36.38,40,0.5,1
82,"2020-03-03","Metamorph HC","Resonator",1,1.34,0.5,1,36.16,36.96,0.5,1
83,"2020-03-04","Metamorph HC","Resonator",1,1,0.5,1,28.02,29.61455,0.5,1
84,"2020-03-05","Metamorph HC","Resonator",1,1,0.5,1,34.17,36.6,0.5,1
85,"2020-03-06","Metamorph HC","Resonator",0.98,1,0.5,1,34.08,36.6,0.5,1
86,"2020-03-07","Metamorph HC","Resonator",0.95,1,0.5,1,32.32,40,0.5,1
87,"2020-03-08","Metamorph HC","Resonator",0.96,1,0.5,1,30.94,40,0.5,1
88,"2020-03-09","Metamorph HC","Resonator",0.84,1,0.87,1,29.22,39.97,0.5,1
1,"2019-03-08","Synthesis HC","Resonator",0,0,0,0,0,0,0,0
2,"2019-03-09","Synthesis HC","Resonator",1,1,1,1,4.43,4.49,0.97969,1
3,"2019-03-10","Synthesis HC","Resonator",1,1,1,1,4,3,1,1
4,"2019-03-11","Synthesis HC","Resonator",0.78,1,0.50005,0.89,3,3,0.5,0.5
5,"2019-03-12","Synthesis HC","Resonator",0.5,0.5,0.5,0.5,3,3,0.39,0.5
6,"2019-03-13","Synthesis HC","Resonator",0.47,0.49005,0.5,0.45,2,2.64458,0.41,0.49
7,"2019-03-14","Synthesis HC","Resonator",0.4801,0.5,0.48,0.48,2,2.22,0.49,0.49
8,"2019-03-15","Synthesis HC","Resonator",0.5,0.5,0.48,0.48,2,3,0.48,0.48
9,"2019-03-16","Synthesis HC","Resonator",0.46,0.46,0.46,0.46,2,2,0.46,0.46
10,"2019-03-17","Synthesis HC","Resonator",0.47,0.47,0.47,0.47,2,2,0.47,0.47
11,"2019-03-18","Synthesis HC","Resonator",0.46,0.46,0.46,0.46,2,2,0.46,0.46
12,"2019-03-19","Synthesis HC","Resonator",0.46,0.46,0.45,0.46,2,2,0.46,0.46
13,"2019-03-20","Synthesis HC","Resonator",0.47,0.46005,0.46,0.47,2,2,0.46,0.47
14,"2019-03-21","Synthesis HC","Resonator",0.46,0.46,0.46,0.46,2,2,0.46,0.46
15,"2019-03-22","Synthesis HC","Resonator",0.46,0.46,0.46,0.46,1.87005,2,0.44,0.46
16,"2019-03-23","Synthesis HC","Resonator",0.44,0.48,0.44,0.44,2,2,0.44,0.45
17,"2019-03-24","Synthesis HC","Resonator",0.44,0.44,0.44,0.44,2,2,0.44,0.44
18,"2019-03-25","Synthesis HC","Resonator",0.43,0.47,0.43,0.43,2,2,0.45,0.46
19,"2019-03-26","Synthesis HC","Resonator",0.44,0.44,0.41,0.44,2,2,0.42,0.44
20,"2019-03-27","Synthesis HC","Resonator",0.44,0.44,0.44,0.44,2,2,0.44,0.44
21,"2019-03-28","Synthesis HC","Resonator",0.5,0.5,0.5,0.46,2,2,0.46,0.5
22,"2019-03-29","Synthesis HC","Resonator",0.47,0.5,0.45,0.43,2,2,0.47,0.5
23,"2019-03-30","Synthesis HC","Resonator",0.43505,0.5,0.42,0.46,2,2,0.43,0.5
24,"2019-03-31","Synthesis HC","Resonator",0.44,0.39,0.39,0.39,2,2.2592,0.44,0.39
25,"2019-04-01","Synthesis HC","Resonator",0.37,0.37,0.37,0.37,2,2.26669,0.37,0.37
26,"2019-04-02","Synthesis HC","Resonator",0.36,0.42,0.35,0.36,2,2.09,0.36,0.5
27,"2019-04-03","Synthesis HC","Resonator",0.31,0.4602,0.31,0.34,2,2.31,0.35,0.5
28,"2019-04-04","Synthesis HC","Resonator",0.33,0.33,0.33,0.33,2,2.49,0.33,0.33
29,"2019-04-05","Synthesis HC","Resonator",0.32,0.52,0.33,0.33,2,3,0.32,0.42
30,"2019-04-06","Synthesis HC","Resonator",0.32,0.52,0.34,0.5,2,3,0.32,0.5
31,"2019-04-07","Synthesis HC","Resonator",0.31,0.5,0.31,0.5,2.05,3,0.31,0.31
32,"2019-04-08","Synthesis HC","Resonator",0.31,0.5,0.31,0.45,3,4,0.31,0.51
33,"2019-04-09","Synthesis HC","Resonator",0.29,0.5,0.29,0.3,3,4,0.31,0.51
34,"2019-04-10","Synthesis HC","Resonator",0.27,0.54,0.27,0.28,4,4,0.27,0.5
35,"2019-04-11","Synthesis HC","Resonator",0.38,0.86,0.27,0.5,3.54,4.97,0.27,0.47
36,"2019-04-12","Synthesis HC","Resonator",0.5,0.99005,0.26,0.5,4,5,0.36,0.59086
37,"2019-04-13","Synthesis HC","Resonator",0.5,1,0.25,0.5,4,4,0.48515,0.54
38,"2019-04-14","Synthesis HC","Resonator",0.5,0.72005,0.24,0.5,4,5,0.24,0.5901
39,"2019-04-15","Synthesis HC","Resonator",0.5,0.98,0.25,0.5,4,4.05082,0.5,0.8501
40,"2019-04-16","Synthesis HC","Resonator",0.46,1,0.24,0.5,3.39,4,0.5,0.5
41,"2019-04-17","Synthesis HC","Resonator",0.5,1,0.41,0.5,3,4,0.5,0.5
42,"2019-04-18","Synthesis HC","Resonator",0.5,0.8901,0.5,0.5,3,4,0.5,0.53
43,"2019-04-19","Synthesis HC","Resonator",0.5,0.5,0.5,0.5,3,4,0.5,0.5
44,"2019-04-20","Synthesis HC","Resonator",0.23,0.5,0.23,0.5,3,4,0.23,0.4
45,"2019-04-21","Synthesis HC","Resonator",0.23,0.53,0.23,0.5,3,4,0.22,0.48
46,"2019-04-22","Synthesis HC","Resonator",0.23,0.52,0.23,0.5,3,4,0.38,0.5
47,"2019-04-23","Synthesis HC","Resonator",0.32091,0.53,0.22,0.5,3,4,0.43,0.5
48,"2019-04-24","Synthesis HC","Resonator",0.22,0.52,0.22,0.5,3,4,0.22,0.54
49,"2019-04-25","Synthesis HC","Resonator",0.22,0.45,0.22,0.5,3,4,0.44,0.53
50,"2019-04-26","Synthesis HC","Resonator",0.24,0.9,0.24,0.5,3,4,0.33,0.48
51,"2019-04-27","Synthesis HC","Resonator",0.24,0.35,0.24,0.25,3,4,0.25,0.54
52,"2019-04-28","Synthesis HC","Resonator",0.3,0.38,0.27,0.47,3,3,0.42,0.52
53,"2019-04-29","Synthesis HC","Resonator",0.44,0.52,0.27,0.47,3,4,0.35,0.5
54,"2019-04-30","Synthesis HC","Resonator",0.43,0.52,0.26,0.5,2.94,4,0.37,0.91
55,"2019-05-01","Synthesis HC","Resonator",0.43,0.77,0.24,0.44,2.24,3,0.26,0.52
56,"2019-05-02","Synthesis HC","Resonator",0.39,0.48,0.24,0.48,3,3,0.24,0.5
57,"2019-05-03","Synthesis HC","Resonator",0.36,0.5,0.22,0.47,3,3,0.22,0.51
58,"2019-05-04","Synthesis HC","Resonator",0.38,0.5,0.22,0.5,3,3,0.43,0.5
59,"2019-05-05","Synthesis HC","Resonator",0.42,0.59,0.22,0.45,3,3,0.22,0.5
60,"2019-05-06","Synthesis HC","Resonator",0.22,0.22,0.22,0.31,3,3,0.22,0.22
61,"2019-05-07","Synthesis HC","Resonator",0.21,0.24,0.21,0.27,3,3,0.21,0.44015
62,"2019-05-08","Synthesis HC","Resonator",0.21,0.35,0.21,0.23,3,3,0.21,0.42
63,"2019-05-09","Synthesis HC","Resonator",0.21,0.21,0.21,0.21,3,3,0.21,0.27
64,"2019-05-10","Synthesis HC","Resonator",0.18,0.18,0.18,0.18,3,3,0.18,0.26
65,"2019-05-11","Synthesis HC","Resonator",0.17,0.17,0.17,0.17,3,2.8,0.17,0.17
66,"2019-05-12","Synthesis HC","Resonator",0.19,0.21,0.19,0.19,3.1,2.71,0.19,0.19505
67,"2019-05-13","Synthesis HC","Resonator",0.19,0.21,0.19,0.19,3.09,2.71,0.55,0.19
68,"2019-05-14","Synthesis HC","Resonator",0.18,0.18,0.18,0.18,3.07,3,0.22,0.18
69,"2019-05-15","Synthesis HC","Resonator",0.19,0.19,0.19,0.19,3.76,3,0.19,0.28
70,"2019-05-16","Synthesis HC","Resonator",0.2,0.2,0.2,0.2,3.6,4,0.2,0.25
71,"2019-05-17","Synthesis HC","Resonator",0.21,0.21,0.21,0.21,3.47,4,0.21,0.35
72,"2019-05-18","Synthesis HC","Resonator",0.21,0.21,0.21,0.21,1.86,4.49,0.21,0.35
73,"2019-05-19","Synthesis HC","Resonator",0.13,0.13,0.13,0.13,1.68,4.31,0.13,0.25
74,"2019-05-20","Synthesis HC","Resonator",0.15,0.15,0.15,0.15,1.59,4.84,0.15,0.26
75,"2019-05-21","Synthesis HC","Resonator",0.15,0.15,0.15,0.15,1.59,4.84,0.15,0.26
76,"2019-05-22","Synthesis HC","Resonator",0.2,0.2,0.2,0.2,1.4,4.65,0.2,0.28
77,"2019-05-23","Synthesis HC","Resonator",0.3956,0.23,0.62,0.25,1.4,4.65,0.21,0.23
78,"2019-05-24","Synthesis HC","Resonator",0.41,0.25,0.56,1.42,1.4,4.65,0.25,0.25
79,"2019-05-25","Synthesis HC","Resonator",0.41,0.25,0.49,1.41,1.41,4.65,0.25,0.44
80,"2019-05-26","Synthesis HC","Resonator",0.38,0.23,0.47,1.41,1.41,4.65,0.23,0.41
81,"2019-05-27","Synthesis HC","Resonator",0.38,0.23,0.4,1.31,1.32,4.65,0.23,0.36
82,"2019-05-28","Synthesis HC","Resonator",0.79,0.34,1.9,1.31,1.32,4.65,0.23,0.34
83,"2019-05-29","Synthesis HC","Resonator",0.73,0.3,5,1.22,1.22,10,0.22,0.33
84,"2019-05-30","Synthesis HC","Resonator",0.73,0.34,5,1.22,2.33,10,0.22,0.33
85,"2019-05-31","Synthesis HC","Resonator",0.83,0.34,2.3,1.22,2.33,10,0.26,0.48
86,"2019-06-01","Synthesis HC","Resonator",17.35,0.32,2.3,1.22,5,10,0.24,0.44
87,"2019-06-02","Synthesis HC","Resonator",8.45,0.39,5.82,1.35,8.71,0,0.24,0.39
88,"2019-06-03","Synthesis HC","Resonator",5.4,0.48,5.82,1.87,11.58,36.14,0.24,0.39
89,"2019-06-04","Synthesis HC","Resonator",0,0,0,0,0,0,0,0
